full_name,language,stars,forks,contributors,commits,engagement_rate,issue_resolution_rate,commits_per_contributor,engagement_per_star,popularity_vs_activity,commits_per_day,issues_per_day
apache/airflow,Python,42773,15767,3927,33380,1.3686203913683865,0.8724130088696839,8.500127323656736,0.09181025413227971,10.892029539088362,8.70177267987487,3.4387382690302397
tw93/Pake,Rust,42704,8092,52,1706,1.1894904458598725,0.9976470588235294,32.80769230769231,0.0012176845260397152,821.2307692307693,1.5579908675799086,0.3881278538812785
bevyengine/bevy,Rust,42678,4180,1408,9978,1.0979427339612915,0.6199950568462679,7.0866477272727275,0.03299123670275083,30.311079545454547,4.762768496420048,3.862529832935561
Unitech/pm2,JavaScript,42587,2661,330,5152,1.0624838565759505,0.793136874757658,15.612121212121211,0.007748843543804448,129.05151515151516,1.137809187279152,1.1391342756183747
faif/python-patterns,Python,42260,7047,136,879,1.1667534311405585,0.8217821782178217,6.463235294117647,0.003218173213440606,310.7352941176471,0.18023375025630511,0.020709452532294444
iina/iina,Swift,42238,2697,153,3838,1.0638524551351862,0.5738386873122255,25.084967320261438,0.0036223306027747524,276.06535947712416,1.1919254658385092,1.3437888198757764
getsentry/sentry,Python,42201,4474,978,92865,1.1060164451079357,0.8603304273608486,94.95398773006134,0.023174806284211275,43.15030674846626,16.814231395980446,2.9699438710845554
Alamofire/Alamofire,Swift,42156,7641,282,1663,1.1812553373185313,0.9850746268656716,5.897163120567376,0.0066894392257329915,149.48936170212767,0.40640273704789837,0.6876832844574781
spf13/cobra,Go,42139,3011,320,1093,1.0714539974845156,0.7471612414837244,3.415625,0.007593915375305536,131.684375,0.2471173411711508,0.29866606375763055
AykutSarac/jsoncrack.com,TypeScript,42060,3009,38,1785,1.0715406562054208,0.841726618705036,46.973684210526315,0.000903471231573942,1106.842105263158,1.3202662721893492,0.20562130177514792
Kong/kong,Lua,41949,5000,442,11245,1.119192352618656,0.9700882289649236,25.441176470588236,0.01053660397148919,94.90723981900453,2.8239578101456555,1.1670015067805124
Stability-AI/stablediffusion,Python,41853,5332,19,88,1.1273982749145819,0.20212765957446807,4.631578947368421,0.00045396984684490955,2202.7894736842104,0.08349146110056926,0.3567362428842505
SimplifyJobs/Summer2026-Internships,,41841,3081,883,28513,1.0736359073635908,0.999496559825474,32.29105322763307,0.02110370211037021,47.3850509626274,14.480954799390554,3.026409344845099
KRTirtho/spotube,Dart,41783,1803,89,2095,1.0431515209534978,0.6627249357326478,23.53932584269663,0.0021300528923246295,469.4719101123595,1.2309048178613395,1.1427732079905992
streamlit/streamlit,Python,41778,3792,299,8389,1.0907654746517306,0.768422895151409,28.05685618729097,0.0071568768251232704,139.7257525083612,3.7417484388938447,2.548171275646744
mingrammer/diagrams,Python,41611,2684,172,642,1.064502174905674,0.3651315789473684,3.7325581395348837,0.004133522385907572,241.92441860465115,0.30865384615384617,0.2923076923076923
ziglang/zig,Zig,41600,3051,1303,35286,1.0733413461538461,0.7294507924806487,27.08058326937836,0.031322115384615386,31.92632386799693,9.48293469497447,3.6455253963988175
yarnpkg/yarn,JavaScript,41552,2730,536,2357,1.065700808625337,0.6952115158636898,4.397388059701493,0.012899499422410473,77.5223880597015,0.6630098452883263,1.9150492264416314
apache/dubbo,Java,41504,26534,666,8571,1.6393118735543561,0.8772119411049575,12.86936936936937,0.016046646106399384,62.31831831831832,1.7621299342105263,1.521998355263158
nolimits4web/swiper,JavaScript,41474,9730,353,3779,1.2346048126537108,0.9584052468070418,10.705382436260622,0.008511356512513864,117.4900849858357,0.7617415843579923,1.1679096956258819
docling-project/docling,Python,41411,2946,130,697,1.0711405182197966,0.5105421686746988,5.361538461538461,0.003139262514790756,318.54615384615386,1.5119305856832972,2.880694143167028
nwjs/nw.js,JavaScript,41356,3883,132,5588,1.0938920591933456,0.8730287100687424,42.333333333333336,0.0031917980462327113,313.3030303030303,1.110713575829855,1.4746571258199166
zhongyang219/TrafficMonitor,C++,41312,3511,44,1296,1.0849874128582495,0.3724066390041494,29.454545454545453,0.0010650658404337723,938.9090909090909,0.43243243243243246,0.64330997664331
mem0ai/mem0,Python,41209,4389,239,1821,1.1065058603703075,0.6824067022086824,7.619246861924686,0.005799703948166663,172.4225941422594,2.152482269503546,1.5520094562647755
hpcaitech/ColossalAI,Python,41202,4534,197,3961,1.110043201786321,0.731830985915493,20.106598984771573,0.004781321295082763,209.14720812182742,2.739280774550484,1.227524204702628
dcloudio/uni-app,JavaScript,41156,3709,54,10052,1.0901205170570512,0.858795372955724,186.14814814814815,0.0013120808630576344,762.1481481481482,3.7932075471698115,1.8920754716981132
ChrisTitusTech/winutil,PowerShell,41156,2207,104,968,1.0536252308290408,0.8781107160995429,9.307692307692308,0.0025269705510739624,395.7307692307692,0.7658227848101266,1.557753164556962
psf/black,Python,41041,2640,478,2039,1.0643259179844546,0.8706772334293948,4.2656903765690375,0.011646889695670183,85.85983263598327,0.736101083032491,1.0021660649819495
cli/cli,Go,41016,7238,620,10398,1.1764677199141798,0.8332710280373832,16.770967741935483,0.015116052272283987,66.15483870967742,4.722070844686648,2.42960944595822
styled-components/styled-components,TypeScript,40956,2519,379,3665,1.0615050297880653,0.8883674153536708,9.67018469656992,0.009253833382166227,108.06332453825857,1.0956651718983557,0.8917787742899851
hexojs/hexo,TypeScript,40900,5004,200,3708,1.1223471882640588,0.9748443337484434,18.54,0.004889975550122249,204.5,0.7776845637583892,0.8420721476510067
mitmproxy/mitmproxy,Python,40840,4327,578,11021,1.1059500489715965,0.8953616786305908,19.067474048442907,0.01415279138099902,70.65743944636678,1.9274221755858691,0.633438265127667
gedoor/legado,Kotlin,40779,4657,72,6436,1.1142009367566639,0.9716981132075472,89.38888888888889,0.0017656146546016333,566.375,2.7551369863013697,1.3159246575342465
vuetifyjs/vuetify,TypeScript,40755,7094,1131,17351,1.1740645319592689,0.9558784850078906,15.341290893015032,0.027751196172248804,36.03448275862069,5.229355033152501,4.583484026522001
penpot/penpot,Clojure,40675,2237,245,18932,1.05499692685925,0.7370558375634517,77.2734693877551,0.006023355869698832,166.0204081632653,5.295664335664336,0.551048951048951
fastlane/fastlane,Ruby,40567,5947,1608,16666,1.1465969876993616,0.9303901131625968,10.364427860696518,0.03963812951413711,25.22823383084577,4.200100806451613,3.3850806451612905
slidevjs/slidev,TypeScript,40506,1699,310,2822,1.0419444032982768,0.8573692551505546,9.103225806451613,0.007653187182145855,130.66451612903225,1.7281077770973667,0.7728107777097367
helix-editor/helix,Rust,40398,3083,1252,6936,1.076315659191049,0.7845341509112588,5.539936102236422,0.03099163324917075,32.266773162939295,3.5387755102040814,2.995408163265306
lukasz-madon/awesome-remote-job,,40376,4323,462,1138,1.1070685555775708,0.8333333333333334,2.463203463203463,0.01144244105409154,87.39393939393939,0.2890525781051562,0.02286004572009144
deepspeedai/DeepSpeed,Python,40374,4576,424,2956,1.113340268489622,0.6318796992481203,6.971698113207547,0.010501808094318126,95.22169811320755,1.414354066985646,1.5909090909090908
colinhacks/zod,TypeScript,40324,1632,444,2652,1.0404721753794266,0.9023047815617475,5.972972972972973,0.011010812419402837,90.81981981981981,1.2961876832844574,1.4208211143695015
chubin/cheat.sh,Python,40310,1878,65,922,1.0465889357479534,0.4889705882352941,14.184615384615384,0.0016125031009675019,620.1538461538462,0.29925348912690686,0.08828302499188576
upscayl/upscayl,TypeScript,40288,1883,49,1112,1.0467384829229547,0.9377551020408164,22.693877551020407,0.001216243050039714,822.204081632653,0.9496157130657558,0.8368915456874466
gradio-app/gradio,Python,40188,3099,454,8112,1.0771125709166915,0.9374691459601777,17.86784140969163,0.01129690454862148,88.51982378854626,3.257831325301205,2.4405622489959837
tabler/tabler,HTML,40185,4267,154,3052,1.1061838994649744,0.9010695187165776,19.818181818181817,0.0038322757247729253,260.9415584415584,1.0857346140163642,0.3991462113127001
sharkdp/fd,Rust,40034,932,206,1741,1.023280211819953,0.8364978902953587,8.451456310679612,0.005145626217714942,194.3398058252427,0.5654433257551152,0.3078921727833712
chakra-ui/chakra-ui,TypeScript,39804,3496,772,11171,1.0878303688071551,0.9969077069457659,14.470207253886011,0.019395035674806552,51.55958549222798,4.9670964873277015,1.8692752334370832
files-community/Files,C#,39730,2472,308,6563,1.062219984898062,0.9555370678498798,21.308441558441558,0.007752328215454317,128.9935064935065,2.652789005658852,4.3726758286176235
QSCTech/zju-icicles,HTML,39597,9573,135,1551,1.2417607394499584,0.8625,11.488888888888889,0.0034093491931206908,293.31111111111113,0.4569829110194461,0.02357100766057749
jgm/pandoc,Haskell,39588,3656,609,18505,1.0923512175406689,0.8716465665764214,30.385878489326764,0.015383449530160655,65.00492610837438,3.2544846992613436,1.4291241646148434
curl/curl,C,39546,6900,1446,36470,1.174480351995145,0.9923853036360175,25.221300138312586,0.036565012896373844,27.348547717842322,6.41287146122736,0.9236855987339546
php/php-src,C,39527,7954,1560,143504,1.2012295393022492,0.7058935723822239,91.98974358974358,0.039466693652440106,25.337820512820514,27.422893177909422,1.0019109497420218
evanw/esbuild,Go,39359,1240,120,4321,1.031504865469143,0.8500260824204486,36.00833333333333,0.0030488579486267434,327.9916666666667,1.2678990610328638,1.125
zhayujie/chatgpt-on-wechat,Python,39356,9448,95,1365,1.2400650472609005,0.828780487804878,14.368421052631579,0.0024138631974794187,414.2736842105263,1.173688736027515,1.76268271711092
makeplane/plane,TypeScript,39332,2770,131,6441,1.07042611613953,0.6205698401667825,49.16793893129771,0.0033306213769958306,300.2442748091603,6.0821529745042495,1.3588290840415487
ray-project/ray,Python,39307,6770,1371,27500,1.1722339532398809,0.8559569421638387,20.058351568198397,0.03487928358816496,28.670313639679065,8.396946564885496,6.694351145038168
remoteintech/remote-jobs,JavaScript,39291,3849,958,2987,1.097961365198137,0.8099547511312217,3.117954070981211,0.02438217403476623,41.01356993736952,0.8176840952641664,0.060498220640569395
DIYgod/RSSHub,TypeScript,39255,8608,1558,15250,1.219284167621959,0.9360399548896408,9.78818998716303,0.03968921156540568,25.19576379974326,5.543438749545619,2.2562704471101416
tmux/tmux,C,39248,2281,40,10636,1.0581176110884631,0.9818521483853749,265.9,0.0010191602119853241,981.2,2.8107822410147993,0.9902219873150105
pingcap/tidb,Go,39172,6029,1026,26977,1.1539109568058818,0.7652460456942004,26.29337231968811,0.026192178086388237,38.17933723196881,7.310840108401084,6.168021680216802
ccxt/ccxt,Python,39163,8269,856,91165,1.211143170850037,0.8847087378640777,106.50116822429906,0.0218573653703751,45.751168224299064,29.65679895901106,3.752765126870527
videojs/video.js,JavaScript,39162,7519,545,4186,1.191997344364435,0.885593220338983,7.680733944954128,0.013916551759358561,71.85688073394495,0.7433848339548925,0.963949564908542
lm-sys/FastChat,Python,39148,4760,246,890,1.121589864105446,0.5266798418972332,3.6178861788617884,0.006283845918054562,159.1382113821138,0.9478168264110756,2.1554845580404685
crewAIInc/crewAI,Python,39130,5202,265,1753,1.1329414771275237,0.9250153657037492,6.615094339622641,0.006772297469971889,147.66037735849056,2.4449093444909344,2.269177126917713
Dogfalo/materialize,JavaScript,39117,4690,306,3878,1.1198967200961218,0.8531104921077066,12.673202614379084,0.007822685788787484,127.83333333333333,0.9577673499629538,1.3299580143245247
vim/vim,Vim Script,39086,5841,661,22322,1.1494396970782377,0.8279299014238773,33.77004538577912,0.016911426086066623,59.13161875945537,6.018333782690752,2.4615799406848207
go-gorm/gorm,Go,38970,4107,454,2767,1.1053887605850654,0.9181112762093445,6.094713656387666,0.011649987169617654,85.83700440528635,0.6330359185541066,1.3857240905971173
aria2/aria2,C++,38942,3759,74,5437,1.0965281700991218,0.42386831275720166,73.47297297297297,0.0019002619279954805,526.2432432432432,1.000552079499448,0.3577475156422525
saadeghi/daisyui,Svelte,38938,1547,293,2754,1.0397298269043094,0.9906033630069239,9.399317406143345,0.007524782988340439,132.89419795221843,1.548060708263069,1.136593591905565
logseq/logseq,Clojure,38903,2334,304,21684,1.0599953731074725,0.8482698531242221,71.32894736842105,0.007814307379893581,127.97039473684211,11.012696800406298,4.080243778567801
cloudcommunity/Free-Certifications,,38896,2644,81,329,1.0679761415055533,0.5390625,4.061728395061729,0.0020824763471822294,480.1975308641975,0.1731578947368421,0.06736842105263158
trpc/trpc,TypeScript,38640,1422,484,4684,1.0368012422360249,0.8470066518847007,9.677685950413224,0.012525879917184264,79.83471074380165,2.4485101934134867,0.7072660742289597
google/styleguide,HTML,38601,12999,122,576,1.3367529338618171,0.5906862745098039,4.721311475409836,0.003160539882386467,316.4016393442623,0.1516188470650171,0.10739668333772046
photoprism/photoprism,Go,38557,2159,187,11890,1.055995020359468,0.813272877164056,63.58288770053476,0.004849962393339731,206.18716577540107,4.222301136363637,0.8615056818181818
QuivrHQ/quivr,Python,38507,3677,119,2295,1.095489131846158,0.9883870967741936,19.285714285714285,0.003090347209598255,323.5882352941176,2.5961538461538463,1.753393665158371
phaserjs/phaser,JavaScript,38497,7123,662,20083,1.1850274047328364,0.9745098039215686,30.336858006042295,0.01719614515416786,58.15256797583081,4.397416246989271,1.0050361287497263
hiroi-sora/Umi-OCR,Python,38487,3789,17,1265,1.0984488268766077,0.6420525657071339,74.41176470588235,0.0004417075895757009,2263.9411764705883,0.9768339768339769,0.616988416988417
siyuan-note/siyuan,TypeScript,38449,2358,85,19636,1.0613279929256938,0.9733559720498922,231.01176470588234,0.0022107206949465528,452.3411764705882,10.500534759358288,8.188770053475936
calcom/cal.com,TypeScript,38403,10759,832,14420,1.2801604041350936,0.8546086956521739,17.33173076923077,0.02166497409056584,46.15745192307692,8.655462184873949,5.177070828331333
impress/impress.js,JavaScript,38359,6636,92,423,1.172997210563362,0.8657314629258517,4.5978260869565215,0.002398394118720509,416.94565217391306,0.08397855866587255,0.09906690490371253
fastapi/full-stack-fastapi-template,TypeScript,38296,7371,71,975,1.1924744098600375,0.8340425531914893,13.732394366197184,0.0018539795278880301,539.3802816901408,0.40222772277227725,0.19389438943894388
koalaman/shellcheck,Haskell,38216,1871,167,2156,1.0489585513920872,0.5970974429854872,12.910179640718562,0.0043698974251622355,228.83832335329342,0.4574580946318693,0.6140462550392531
menloresearch/jan,TypeScript,38204,2296,116,6516,1.060098419013716,0.9524119947848761,56.172413793103445,0.0030363312742121245,329.3448275862069,8.269035532994923,3.8934010152284264
DataExpert-io/data-engineer-handbook,Jupyter Notebook,38184,7338,137,476,1.1921747328724073,0.7191011235955056,3.4744525547445257,0.0035878902157971924,278.7153284671533,0.6858789625360231,0.1282420749279539
appsmithorg/appsmith,TypeScript,38174,4287,374,20121,1.112301566511238,0.8136496257769884,53.79946524064171,0.009797244197621418,102.06951871657753,10.41998964267219,12.24702226825479
gofiber/fiber,Go,38134,1887,420,4473,1.049483400639849,0.9479949874686717,10.65,0.01101379346514921,90.79523809523809,2.133047210300429,0.7610872675250357
PhilJay/MPAndroidChart,Java,38120,9057,81,2072,1.237591815320042,0.5693516699410609,25.580246913580247,0.002124868835257083,470.61728395061726,0.4946287896872762,1.2150871329672952
payloadcms/payload,TypeScript,38106,2995,456,14276,1.0785965464756206,0.8258003766478342,31.30701754385965,0.011966619430011021,83.5657894736842,8.195177956371987,2.4385763490241104
preactjs/preact,JavaScript,38061,2019,364,6060,1.0530464254748955,0.9310171198388721,16.64835164835165,0.009563595281259031,104.56318681318682,1.644504748982361,0.5389416553595658
novuhq/novu,TypeScript,37991,4139,480,20567,1.1089468558342765,0.9080459770114943,42.84791666666667,0.012634571345845069,79.14791666666666,13.629555997349238,1.095427435387674
2noise/ChatTTS,Python,37957,4111,55,421,1.1083067681850516,0.9042553191489362,7.654545454545454,0.0014490080880996917,690.1272727272727,0.8353174603174603,1.3055555555555556
Aider-AI/aider,Python,37922,3567,174,13029,1.0940614946469067,0.683706874842609,74.87931034482759,0.0045883655925320396,217.94252873563218,14.672297297297296,4.471846846846847
milvus-io/milvus,Go,37899,3469,331,23254,1.091532758120267,0.9464657686432439,70.25377643504531,0.008733739676508616,114.49848942598187,10.479495268138802,6.490310950878774
NanmiCoder/MediaCrawler,Python,37858,8661,61,621,1.2287759522425907,0.78515625,10.180327868852459,0.0016112842728089175,620.6229508196722,0.7246207701283547,0.5974329054842473
gto76/python-cheatsheet,Python,37844,6680,14,2804,1.1765141105591375,0.7317073170731707,200.28571428571428,0.0003699397526688511,2703.1428571428573,0.9950319375443577,0.029098651525904896
ant-design/ant-design-pro,TypeScript,37563,8210,361,2643,1.2185661422144132,0.9840262133934057,7.321329639889196,0.009610520991401113,104.05263157894737,0.8895994614607876,3.2871087176035005
istio/istio,Go,37518,8096,1354,25506,1.2157897542512928,0.9766298239040839,18.83751846381093,0.036089343781651476,27.70901033973412,7.848,6.569846153846154
freeCodeCamp/devdocs,Ruby,37499,2506,263,6377,1.0668284487586335,0.8205329153605015,24.247148288973385,0.007013520360542948,142.58174904942965,1.4586001829826167,0.2918572735590119
usebruno/bruno,JavaScript,37496,1890,380,3366,1.050405376573501,0.5596801827527127,8.857894736842105,0.010134414337529336,98.67368421052632,3.026978417266187,3.1492805755395685
facebookresearch/faiss,C++,37486,4063,249,1592,1.1083871311956464,0.8937795562022554,6.393574297188755,0.006642479859147415,150.54618473895582,0.5022082018927445,0.867192429022082
opencv/opencv,C++,84466,56329,2329,35605,1.6668837165249923,0.7604869077852702,15.287677114641477,0.027573224729476948,36.267067410905966,7.36553578816715,2.362225899875879
sveltejs/svelte,JavaScript,84367,4647,867,10622,1.0550807780293243,0.8953139427516159,12.251441753171857,0.010276529922837127,97.30911188004613,3.2693136349646044,2.6666666666666665
gohugoio/hugo,Go,84137,8054,900,9206,1.0957248297419684,0.9391746031746032,10.22888888888889,0.01069683967814398,93.48555555555555,2.0530776092774308,1.7562444246208742
mermaid-js/mermaid,TypeScript,83459,8172,740,13719,1.0979163421560287,0.5868725868725869,18.53918918918919,0.00886662912328209,112.78243243243243,3.431465732866433,0.9069534767383692
gothinkster/realworld,TypeScript,82411,7516,90,1039,1.0912014172865272,0.9113924050632911,11.544444444444444,0.0010920872213660798,915.6777777777778,0.29542223485925506,0.1572362809212397
home-assistant/core,Python,81942,35483,4942,100016,1.4330257987356911,0.9543233053542892,20.237960339943342,0.06031095164872715,16.58073654390935,22.684508958947607,14.618507598094807
oven-sh/bun,Zig,81292,3396,855,13808,1.0417753284456035,0.6235675824934419,16.14970760233918,0.010517640112188162,95.07836257309941,8.404138770541692,8.816798539257455
3b1b/manim,Python,81172,6898,190,6344,1.0849800423791456,0.6156957928802589,33.38947368421053,0.0023407086187355246,427.22105263157897,1.6443753240020735,0.3203732503888025
immich-app/immich,TypeScript,81145,4261,747,8358,1.0525109372111652,0.91793485990613,11.188755020080322,0.009205742806087868,108.62784471218207,6.200296735905044,5.215875370919881
tonsky/FiraCode,Clojure,80288,3174,128,614,1.039532682343563,0.6954941860465116,4.796875,0.0015942606616181746,627.25,0.1539232890448734,0.3449486086738531
bregman-arie/devops-exercises,Python,79341,17945,216,792,1.2261756216836188,0.6274509803921569,3.6666666666666665,0.002722425984043559,367.31944444444446,0.35967302452316074,0.04632152588555858
spring-projects/spring-boot,Java,78667,41557,1488,57714,1.5282647107427512,0.9841743579454254,38.78629032258065,0.01891517408824539,52.86760752688172,12.170814002530578,8.408266554196542
MunGell/awesome-for-beginners,,78583,7497,341,893,1.0954023134774697,0.7854077253218884,2.6187683284457477,0.004339360930481147,230.44868035190615,0.24519494783086215,0.06397583745194947
doocs/advanced-java,Java,78359,19273,49,777,1.2459577074745722,0.9931972789115646,15.857142857142858,0.0006253270205081739,1599.1632653061224,0.3030421216848674,0.057332293291731666
microsoft/playwright,TypeScript,78149,4680,663,15476,1.0598856031427146,0.9659227985524729,23.34238310708899,0.008483793778551229,117.87179487179488,7.16813339509032,7.679481241315424
microsoft/ML-For-Beginners,Jupyter Notebook,78007,17862,142,1812,1.228979450562129,0.993421052631579,12.76056338028169,0.0018203494558180675,549.3450704225352,1.0753709198813057,0.09020771513353115
clash-verge-rev/clash-verge-rev,TypeScript,77782,5808,113,3262,1.0746702321873955,0.9375,28.86725663716814,0.0014527782777506363,688.3362831858407,4.713872832369942,6.057803468208093
tensorflow/models,Python,77638,45451,949,9668,1.5854220871222855,0.8316884502534009,10.187565858798736,0.012223395759808341,81.81032665964173,2.7326172979084227,2.1192764273600906
ruanyf/weekly,,76984,3658,70,757,1.0475163670373064,0.15203252032520326,10.814285714285715,0.0009092798503585161,1099.7714285714285,0.2960500586624951,2.8861947594837702
nomic-ai/gpt4all,C++,76798,8290,122,2289,1.107945519414568,0.6680143755615454,18.762295081967213,0.001588583036016563,629.4918032786885,2.4586466165413534,2.3909774436090228
syncthing/syncthing,Go,76790,4798,371,7962,1.0624820940226591,0.9385174922064426,21.460916442048518,0.004831358249772106,206.9811320754717,1.8349850195897672,1.3307213643696705
anuraghazra/github-readme-stats,JavaScript,76457,26559,315,1707,1.3473717252834927,0.8538681948424068,5.419047619047619,0.00411996285493807,242.72063492063492,0.8881373569198752,0.7263267429760666
netdata/netdata,C,76367,6195,667,21073,1.081121426794296,0.9712405556909578,31.59370314842579,0.008734139091492399,114.49325337331334,4.681848478115974,1.8231504110197734
louislam/uptime-kuma,JavaScript,75940,6737,858,5974,1.0887147748222281,0.8117919075144509,6.962703962703963,0.011298393468527785,88.5081585081585,3.82213691618682,2.7671145233525274
vitejs/vite,TypeScript,75840,7343,1178,8176,1.0968222573839663,0.9232153569286142,6.9405772495755516,0.015532700421940928,64.38030560271646,4.085957021489255,4.165417291354323
rasbt/LLMs-from-scratch,Jupyter Notebook,75353,11038,53,979,1.1464838825262431,0.98,18.471698113207548,0.0007033562034690059,1421.754716981132,1.204182041820418,0.24600246002460024
typicode/json-server,JavaScript,75182,7235,92,978,1.0962331409113883,0.43498817966903075,10.630434782608695,0.0012236971615546275,817.195652173913,0.22544951590594745,0.2925311203319502
elastic/elasticsearch,Java,75019,25550,2377,90859,1.3405803863021368,0.8713018449488038,38.22423222549432,0.03168530638904811,31.560370214556162,15.867796018162766,7.402375130981488
hoppscotch/hoppscotch,TypeScript,74968,5267,293,5871,1.070256642834276,0.7403314917127072,20.037542662116042,0.003908334222601643,255.86348122866895,2.6151447661469933,0.9674832962138085
unionlabs/union,Rust,74565,3840,30,15568,1.0514986924160128,0.8921360255047821,518.9333333333333,0.0004023335345001006,2485.5,17.69090909090909,2.1386363636363637
junegunn/fzf,Go,74378,2597,309,3417,1.0349162386727258,0.9035172636334301,11.058252427184467,0.004154454274113313,240.70550161812298,0.7813857763549051,0.7086668191173108
coder/code-server,TypeScript,74228,6271,270,4002,1.0844829444414508,0.9574069113313689,14.822222222222223,0.003637441396777496,274.9185185185185,1.6537190082644628,1.5425619834710744
sdmg15/Best-websites-a-programmer-should-visit,,74198,8462,349,1275,1.1140462007062184,0.09659613615455381,3.653295128939828,0.004703630825628723,212.60171919770772,0.40553435114503816,0.3457379134860051
hacksider/Deep-Live-Cam,Python,73962,10779,53,477,1.1457370000811227,0.9179389312977099,9.0,0.0007165841918823179,1395.5094339622642,0.636,1.3973333333333333
vuejs/awesome-vue,,73315,9473,2439,5247,1.129209575121053,0.76,2.151291512915129,0.03326740776103117,30.059450594505947,1.4391113549094898,0.06856829402084476
nestjs/nest,TypeScript,73035,8052,623,19115,1.1102485109878826,0.9889994761655317,30.682182985553773,0.00853015677414938,117.23113964686998,6.024267254963757,1.804916482823826
Shubhamsaboo/awesome-llm-apps,Python,71868,9258,54,769,1.1288195024211054,0.9354838709677419,14.24074074074074,0.0007513775254633495,1330.888888888889,1.4454887218045114,0.17481203007518797
redis/redis,C,71204,24272,869,12745,1.3408797258580978,0.6327614379084967,14.666283084004602,0.012204370540980844,81.93785960874568,2.1069598280707553,1.214084972722764
ventoy/Ventoy,C,71162,4508,120,1117,1.0633484162895928,0.6259827779857731,9.308333333333334,0.0016862932463955482,593.0166666666667,0.5467449828683308,1.3073910915320608
abi/screenshot-to-code,Python,70962,8799,25,899,1.1239959414898115,0.6813725490196079,35.96,0.00035230123164510583,2838.48,1.2861230329041489,0.5836909871244635
moby/moby,Go,70909,18824,2516,54439,1.2654670070089833,0.8432010135135135,21.637122416534183,0.035482096771918936,28.18322734499205,11.704794667813374,5.091378198236939
pallets/flask,Python,70550,16585,857,5465,1.2350815024805102,0.9959319526627219,6.376896149358227,0.012147413182140326,82.32205367561261,0.9640148174281178,0.4769800670312224
grafana/grafana,TypeScript,70329,13065,2856,62893,1.1857697393678284,0.9137790753326314,22.021358543417367,0.04060913705583756,24.625,14.545097132284921,9.664199814986125
enaqx/awesome-react,,70301,7442,654,2027,1.1058590916203184,0.9491525423728814,3.099388379204893,0.009302854866929347,107.49388379204893,0.49608418991678904,0.02887909936368086
tesseract-ocr/tesseract,C++,70228,10290,226,6575,1.1465227544569119,0.83454018826937,29.0929203539823,0.0032180896508515124,310.7433628318584,1.6115196078431373,0.6769607843137255
josephmisiti/awesome-machine-learning,Python,70142,15122,690,2054,1.2155912292207236,0.9393939393939394,2.9768115942028985,0.009837187419805537,101.65507246376812,0.5,0.024099318403115872
strapi/strapi,TypeScript,69971,9063,1207,36411,1.1295250889654285,0.9167243767313019,30.16652858326429,0.017250003572908776,57.971002485501245,9.932078559738134,3.1511183851609386
astral-sh/uv,Rust,69849,2114,451,7664,1.0302652865466937,0.7127672877328999,16.993348115299334,0.0064567853512577135,154.87583148558758,10.328840970350404,10.777628032345014
hakimel/reveal.js,JavaScript,69681,16759,360,3224,1.2405103256267849,0.661189358372457,8.955555555555556,0.005166401171050932,193.55833333333334,0.6150324303700877,0.4876001526135063
sherlock-project/sherlock,Python,69459,8124,298,2813,1.1169610849565932,0.8610421836228288,9.439597315436242,0.004290300752962179,233.08389261744966,1.1319919517102617,0.48651911468812875
python/cpython,Python,69333,33079,3526,128731,1.4771032553041121,0.8791509756932557,36.509075439591605,0.050856013730835245,19.663357912648895,40.6476160404168,23.98042311335649
binary-husky/gpt_academic,Python,69323,8374,112,2400,1.1207968495304588,0.8373937677053824,21.428571428571427,0.0016156254057095047,618.9553571428571,2.55863539445629,1.8816631130063965
protocolbuffers/protobuf,C++,69280,15905,1369,21709,1.2295756351039262,0.9621021465581051,15.857560262965668,0.019760392609699768,50.60628195763331,5.339153959665519,1.661337924249877
swiftlang/swift,C++,69136,10557,1530,193826,1.1526990280027771,0.527947911493682,126.68366013071895,0.02213029391344596,45.186928104575166,53.20505078232226,4.974746088388691
localsend/localsend,Dart,68787,3685,214,1803,1.053571168970881,0.46312292358803986,8.425233644859814,0.0031110529605884833,321.43457943925233,1.747093023255814,1.4583333333333333
ocornut/imgui,C++,68718,11249,518,9389,1.1636980121656626,0.8242764323685765,18.125482625482626,0.007538054076079047,132.66023166023166,2.288883471477328,1.650901999024866
Stirling-Tools/Stirling-PDF,Java,68616,5800,265,4042,1.0845283898799114,0.719078947368421,15.252830188679246,0.0038620729858925033,258.92830188679244,4.082828282828283,1.5353535353535352
base/node,Go,68590,2843,75,224,1.0414491908441463,0.7653846153846153,2.986666666666667,0.0010934538562472663,914.5333333333333,0.22741116751269036,0.2639593908629442
openai/openai-cookbook,Jupyter Notebook,68484,11440,342,1271,1.167046317388003,0.8526785714285714,3.716374269005848,0.004993867180655335,200.24561403508773,0.96875,0.5121951219512195
apache/superset,TypeScript,68453,15985,1382,17838,1.2335178881860547,0.9239737274220032,12.907380607814762,0.020189034812206914,49.53183791606367,4.773347605030773,3.2592989028632595
expressjs/express,JavaScript,68000,21193,365,6086,1.3116617647058824,0.950378880469323,16.673972602739727,0.005367647058823529,186.3013698630137,1.0223416764656477,0.687216529480934
PKUFlyingPig/cs-self-learning,HTML,67982,7640,165,555,1.1123826895354654,0.4369747899159664,3.3636363636363638,0.002427113059339237,412.0121212121212,0.3817056396148556,0.16368638239339753
obsproject/obs-studio,C,67397,8722,720,15232,1.1294122883807884,0.7997212821023293,21.155555555555555,0.010682968084632847,93.60694444444445,3.4657565415244598,1.1428896473265073
caddyserver/caddy,Go,67293,4505,343,2364,1.0669460419360113,0.94623898802801,6.892128279883382,0.005097112626870551,196.18950437317784,0.6021395822720326,1.1276107997962304
zed-industries/zed,Rust,67161,5524,1235,31830,1.082250115394351,0.8051321628400541,25.77327935222672,0.018388648173791336,54.38137651821862,18.767688679245282,9.16804245283019
fffaraz/awesome-cpp,,67054,8125,455,1953,1.1211709965102754,0.3626707132018209,4.292307692307692,0.006785575804575417,147.37142857142857,0.4756453969800292,0.1604968339016074
lobehub/lobe-chat,TypeScript,66820,13815,279,6569,1.206749476204729,0.7851414098775855,23.544802867383513,0.00417539658784795,239.49820788530465,7.498858447488584,5.408675799086758
ansible/ansible,Python,66718,24107,6910,55181,1.3613267783806469,0.9739408808042126,7.985672937771346,0.10357025090680176,9.655282199710564,11.10505131817267,6.726504326826324
Eugeny/tabby,TypeScript,66663,3724,172,6363,1.0558630724689857,0.5841382816471784,36.99418604651163,0.002580141907804929,387.5755813953488,1.978544776119403,1.8348880597014925
chartjs/Chart.js,JavaScript,66634,11974,524,4576,1.1796980520455023,0.9324657534246575,8.732824427480915,0.007863853288111174,127.16412213740458,0.9965156794425087,1.5897212543554007
nektos/act,Go,66304,1754,211,1298,1.0264539092664093,0.8021068472535741,6.151658767772512,0.003182311776061776,314.2369668246445,0.524232633279483,0.5367528271405493
danielmiessler/SecLists,PHP,66248,24694,349,5582,1.3727508754981284,0.9704918032786886,15.994269340974212,0.005268083564786861,189.82234957020057,1.1197592778335006,0.06118355065195587
AppFlowy-IO/AppFlowy,Dart,65921,4657,374,7202,1.0706451661837655,0.7243214475784993,19.25668449197861,0.005673457623519061,176.25935828877004,4.558227848101266,2.3784810126582276
infiniflow/ragflow,TypeScript,65878,6939,362,4066,1.105331066516895,0.46017699115044247,11.232044198895027,0.005495005920034002,181.98342541436463,6.059612518628912,8.083457526080476
jesseduffield/lazygit,Go,65819,2281,376,6933,1.0346556465458303,0.6696869851729819,18.43882978723404,0.005712636168887403,175.0505319148936,2.5639792899408285,0.8979289940828402
leonardomso/33-js-concepts,JavaScript,65782,9164,209,824,1.1393086254598523,0.4270833333333333,3.9425837320574164,0.0031771609254811345,314.7464114832536,0.31741140215716485,0.07395993836671803
webpack/webpack,JavaScript,65687,9145,956,18095,1.1392208503965777,0.9789112309955861,18.927824267782427,0.014553869106520316,68.7102510460251,3.6445115810674724,2.0533736153071502
xtekky/gpt4free,Python,65396,13706,259,3873,1.209584684078537,0.9926393270241851,14.953667953667953,0.003960486879931494,252.4942084942085,4.168998923573735,2.0473627556512377
juliangarnier/anime,JavaScript,64868,4341,66,869,1.0669205155084172,0.9054054054054054,13.166666666666666,0.0010174508232102114,982.8484848484849,0.2482147957726364,0.23250499857183662
apache/echarts,TypeScript,64790,19783,315,10125,1.3053403302978854,0.8995021779713752,32.142857142857146,0.0048618613983639454,205.68253968253967,2.2126311188811187,4.214160839160839
All-Hands-AI/OpenHands,Python,64169,7764,389,5333,1.1209930028518444,0.8876216968011127,13.709511568123393,0.006062117221711418,164.95886889460155,9.210708117443868,6.208981001727116
TheAlgorithms/Java,Java,63893,20501,705,2955,1.3208645704537274,0.9180327868852459,4.191489361702128,0.011034072590111592,90.62836879432624,0.8752962085308057,0.3613744075829384
chrislgarry/Apollo-11,Assembly,63669,7343,208,582,1.1153308517488887,0.7202643171806168,2.798076923076923,0.0032668959776343274,306.10096153846155,0.13820945143671337,0.10781287105200665
scikit-learn/scikit-learn,Python,63659,26318,3425,33029,1.4134215114909126,0.8264368750508089,9.643503649635036,0.0538022903281547,18.586569343065694,5.966221098265896,2.2220014450867054
labmlai/annotated_deep_learning_paper_implementations,Python,63481,6426,41,857,1.101227138828941,0.8129496402877698,20.902439024390244,0.0006458625415478647,1548.3170731707316,0.4570666666666667,0.07413333333333333
keras-team/keras,Python,63467,19621,1435,11733,1.309152788063088,0.9790542684861948,8.17630662020906,0.022610175366726014,44.22787456445993,3.04595015576324,3.272066458982347
dair-ai/Prompt-Engineering-Guide,MDX,63260,6618,211,1557,1.1046158710085363,0.24579124579124578,7.37914691943128,0.0033354410369901993,299.81042654028437,1.5087209302325582,0.2877906976744186
sindresorhus/awesome-nodejs,,63132,6076,401,881,1.0962427928784135,0.85,2.197007481296758,0.006351770892732687,157.4364089775561,0.2142509727626459,0.029182879377431907
firecrawl/firecrawl,TypeScript,62767,5029,117,4368,1.0801217200121083,0.8595848595848596,37.333333333333336,0.0018640368346424076,536.4700854700855,8.0,1.5
socketio/socket.io,TypeScript,62480,10143,550,7630,1.1623399487836108,0.942613948380011,13.872727272727273,0.008802816901408451,113.6,1.3397717295873572,0.6395083406496928
facebook/docusaurus,TypeScript,62152,9465,1269,6418,1.1522879392457201,0.8981454224315573,5.0575256107171,0.020417685673831894,48.97714736012608,2.113269674020415,1.1185380309515969
FuelLabs/sway,Rust,62133,5432,153,3516,1.0874253617240437,0.7324821852731591,22.980392156862745,0.0024624595625513013,406.0980392156863,2.0347222222222223,1.9490740740740742
reduxjs/redux,TypeScript,61358,15191,1055,4104,1.2475797776980997,0.9782713664896185,3.890047393364929,0.017194171909123503,58.15924170616114,1.0831353919239906,0.546582211665347
NationalSecurityAgency/ghidra,Java,61242,6800,376,15744,1.1110349106822115,0.7024638912489379,41.87234042553192,0.006139577414192874,162.87765957446808,6.511166253101737,2.433829611248966
localstack/localstack,Python,60814,4267,636,7453,1.0701647646923407,0.9488692232055064,11.718553459119496,0.010458118196467919,95.61949685534591,2.276420281001833,1.8637751985339035
prometheus/prometheus,Go,60753,9857,1259,16222,1.162247131828881,0.8844127672761078,12.88482922954726,0.020723256464701332,48.2549642573471,3.4470888227794303,1.3714407139821505
h5bp/Front-end-Developer-Interview-Questions,Nunjucks,60646,11111,274,1045,1.1832107641064538,0.7606382978723404,3.8138686131386863,0.004518022623091383,221.33576642335765,0.2092511013215859,0.03764517420905086
openinterpreter/open-interpreter,Python,60636,5199,130,3068,1.0857411438749258,0.7409470752089137,23.6,0.0021439408931987597,466.4307692307692,3.732360097323601,1.3102189781021898
alacritty/alacritty,Rust,60628,3208,466,2454,1.0529128455499108,0.9455550138143994,5.266094420600858,0.007686217589232698,130.10300429184548,0.6961702127659575,1.745531914893617
rust-lang/rustlings,Rust,60257,10949,467,3249,1.1817050301209817,0.9061277705345502,6.957173447537473,0.0077501369135536124,129.02997858672376,0.882640586797066,0.20836729149687586
Chalarangelo/30-seconds-of-code,JavaScript,125491,12345,460,10180,1.0983735885441983,0.9966777408637874,22.130434782608695,0.0036656015172402802,272.80652173913046,3.5408695652173914,0.10469565217391304
microsoft/PowerToys,C#,124270,7402,584,8439,1.0595638529009415,0.7929107636733081,14.450342465753424,0.004699444757383118,212.79109589041096,3.580398812049215,15.033517182859567
facebook/react-native,C++,124137,24879,4038,38789,1.2004156697841901,0.9620760645790443,9.605993065874195,0.032528577297663064,30.74219910846954,9.86997455470738,7.045038167938931
electron/electron,C++,118657,16530,1520,29663,1.1393091010222742,0.9576816495232727,19.51513157894737,0.012810032277910279,78.06381578947368,6.49507335231005,4.6619224874096785
kubernetes/kubernetes,Go,117965,41507,5469,133082,1.3518586021277497,0.9483916141521479,24.3338818796855,0.04636120883312847,21.569756811117205,32.09889049686445,11.712011577424024
krahets/hello-algo,Java,117768,14486,210,2127,1.1230045513212417,0.9228070175438596,10.128571428571428,0.001783166904422254,560.8,1.9804469273743017,0.26536312849162014
langchain-ai/langchain,Python,117159,19282,3528,14512,1.1645797591307538,0.9698685999093792,4.113378684807256,0.030112923462986198,33.208333333333336,13.28937728937729,8.084249084249084
langgenius/dify,TypeScript,116349,17946,1004,7516,1.154242838357012,0.9552153383888968,7.48605577689243,0.008629210392869728,115.88545816733068,8.214207650273224,15.276502732240438
nodejs/node,JavaScript,113753,33473,4221,45212,1.2942603711550464,0.8851771439849995,10.71120587538498,0.03710671366909005,26.949301113480217,11.376950176144943,5.099647710115752
open-webui/open-webui,JavaScript,112324,15541,707,13743,1.1383586766853033,0.9505535055350554,19.43847241867044,0.006294291513834978,158.87411598302688,18.621951219512194,9.180216802168022
d3/d3,Shell,111616,22848,153,4509,1.2047018348623852,0.9897504456327986,29.470588235294116,0.0013707712155963303,729.5163398692811,0.8205641492265696,0.4083712465878071
mrdoob/three.js,JavaScript,108947,36029,2435,46014,1.3307020844998028,0.9550268496420048,18.896919917864476,0.022350317126676275,44.742094455852154,8.096779869787085,2.359317262009502
excalidraw/excalidraw,TypeScript,108537,11200,346,3848,1.103190617024609,0.4982698961937716,11.121387283236995,0.003187852990224532,313.69075144508673,1.822832780672667,2.327333017527238
axios/axios,JavaScript,107919,11329,526,1735,1.1049768808087548,0.9370893888114673,3.2984790874524714,0.004874025889787711,205.16920152091254,0.4259759391112202,1.2332433095998037
rust-lang/rust,Rust,107138,13843,7944,307728,1.1292071907259795,0.8090347044761356,38.73716012084592,0.07414736134704773,13.486656596173212,54.97106109324759,10.835119685602
microsoft/TypeScript,TypeScript,106371,13048,920,36610,1.1226650120803603,0.8585645355850422,39.79347826086956,0.008648973874458264,115.62065217391304,8.851547388781432,10.422630560928432
denoland/deno,Rust,104723,5742,1120,14396,1.0548303620026165,0.8198698032253292,12.853571428571428,0.010694880780726296,93.50267857142858,5.316100443131463,4.9918759231905465
godotengine/godot,C++,102166,23365,3508,77782,1.2286964352132803,0.7360243041820282,22.172748004561004,0.03433627625628879,29.123717217787913,18.088837209302326,14.697441860465116
microsoft/terminal,C++,100489,8836,452,4729,1.0879300221914836,0.87696604439218,10.462389380530974,0.004498004756739543,222.32079646017698,1.584254606365159,4.558123953098828
microsoft/generative-ai-for-beginners,Jupyter Notebook,100150,52935,141,1666,1.5285571642536195,0.9842105263157894,11.815602836879433,0.0014078881677483774,710.2836879432624,1.9669421487603307,0.2243211334120425
rustdesk/rustdesk,Rust,99855,14681,382,10766,1.1470231836162434,0.9793454935622318,28.18324607329843,0.003825547043212658,261.4005235602094,5.847908745247148,2.0249864204236827
fatedier/frp,Go,99571,14533,135,1359,1.145956151891615,0.988621997471555,10.066666666666666,0.001355816452581575,737.562962962963,0.37918526785714285,1.103515625
papers-we-love/papers-we-love,Shell,99147,6122,302,880,1.0617466993454163,0.9917695473251029,2.9139072847682117,0.003045982228408323,328.30132450331126,0.2037037037037037,0.05625
angular/angular,TypeScript,99084,26677,2509,34864,1.269236203625207,0.9609152212567518,13.89557592666401,0.025321949053328487,39.4914308489438,8.623299530051941,7.372495671531041
iptv-org/iptv,TypeScript,97770,4119,367,32732,1.042129487572875,0.9849874895746455,89.18801089918256,0.00375370768129283,266.4032697547684,12.963168316831684,6.647920792079208
shadcn-ui/ui,TypeScript,97584,6958,343,974,1.0713026725692736,0.5996168582375478,2.8396501457725947,0.0035149204787670108,284.50145772594755,0.9615004935834156,4.1224086870681145
tauri-apps/tauri,Rust,97359,3100,509,5742,1.0318409186618598,0.7970355398349335,11.280943025540275,0.005228073418995676,191.27504911591356,2.5140105078809105,2.59938704028021
mui/material-ui,TypeScript,96779,32688,3394,27398,1.337759224625177,0.9123539232053423,8.072480848556276,0.03506959154362,28.51473187978786,6.725085910652921,4.999018163966618
ant-design/ant-design,TypeScript,96344,53763,2603,29914,1.55803163663539,0.9604461200125668,11.49212447176335,0.02701776965872291,37.01267767960046,7.820653594771242,8.321568627450981
Anduin2017/HowToCook,Dockerfile,95013,10624,448,2465,1.1118162777725153,0.4405506883604506,5.502232142857143,0.004715144243419321,212.08258928571428,1.2006819288845592,0.38918655625913295
pytorch/pytorch,Python,93891,25545,5964,94378,1.2720708055085153,0.6951790164404683,15.824614352783367,0.06352046522030866,15.742957746478874,28.18936678614098,16.65979689366786
neovim/neovim,Vim Script,93440,6357,1331,34174,1.0680329623287672,0.852800822259746,25.675432006010517,0.01424443493150685,70.20285499624343,7.997659723847414,3.1876901474373978
iluwatar/java-design-patterns,Java,93092,27268,504,4336,1.2929145361577794,0.8235877106045589,8.603174603174603,0.005413999054698577,184.70634920634922,1.061964241978937,0.24712221405829046
puppeteer/puppeteer,TypeScript,92607,9313,536,5819,1.1005647521245694,0.9615067363211438,10.85634328358209,0.005787899402852916,172.7742537313433,1.8898993179603767,2.3624553426437154
microsoft/Web-Dev-For-Beginners,JavaScript,92270,14263,246,2070,1.1545789530725046,0.9120879120879121,8.414634146341463,0.0026660886528665872,375.0813008130081,1.1512791991101223,0.20244716351501668
comfyanonymous/ComfyUI,Python,90874,10169,246,4081,1.1119021942469793,0.5575272727272728,16.589430894308943,0.0027070449193388646,369.4065040650407,4.081,6.875
fastapi/fastapi,Python,90697,8032,849,6149,1.0885586072306692,0.9458862506902264,7.24263839811543,0.009360838837006736,106.82803297997644,2.4586165533786484,1.4482207117153139
tailwindlabs/tailwindcss,TypeScript,90583,4755,327,6462,1.0524932934435822,0.9859792924935289,19.761467889908257,0.0036099488866564366,277.01223241590213,2.206213724820758,1.582792762034824
supabase/supabase,TypeScript,90030,10187,1695,32940,1.1131511718316116,0.8531442433289793,19.43362831858407,0.01882705764745085,53.11504424778761,15.020519835841313,2.4436844505243958
jaywcjlove/awesome-mac,JavaScript,89606,6801,647,2283,1.0758989353391515,0.7034220532319392,3.528593508500773,0.007220498627324063,138.49459041731066,0.6764444444444444,0.15585185185185185
2dust/v2rayN,C#,88005,13441,111,2366,1.1527299585250839,0.9988736926790024,21.315315315315317,0.0012612919720470428,792.8378378378378,1.043670048522276,2.741508601676224
storybookjs/storybook,TypeScript,87938,9710,2507,72904,1.1104187040869704,0.8398995335486186,29.080175508575987,0.028508722054174533,35.07698444355804,20.85354691075515,3.985983981693364
ggml-org/llama.cpp,C++,87691,13323,1300,6755,1.151931213009317,0.8713067316478831,5.196153846153846,0.01482478247482638,67.45461538461538,7.125527426160337,6.9261603375527425
nvm-sh/nvm,Shell,87412,9409,407,2262,1.1076396833386721,0.845088161209068,5.557739557739557,0.004656111289067863,214.77149877149878,0.3996466431095406,0.4208480565371025
gin-gonic/gin,Go,86447,8450,491,1906,1.09774775295846,0.6610567514677104,3.8818737270875765,0.005679780674864368,176.06313645621182,0.46083172147001933,0.6177466150870407
bitcoin/bitcoin,C++,86139,38022,1262,46292,1.441402848883781,0.9091503267973856,36.681458003169574,0.014650738921974948,68.25594294770207,8.553584626755358,1.6962305986696231
ChatGPTNextWeb/NextChat,TypeScript,86073,60941,301,3091,1.7080152893474143,0.7887707822294904,10.269102990033222,0.003497031589464757,285.95681063122925,3.2605485232067513,3.8702531645569622
AUTOMATIC1111/stable-diffusion-webui,Python,157229,29179,640,7689,1.1855828123310586,0.6927169094363521,12.0140625,0.004070495900883425,245.6703125,6.697735191637631,6.877177700348432
avelino/awesome-go,Go,154662,12656,2349,5138,1.0818300552171833,0.8313253012048193,2.1873137505321414,0.015187958257361214,65.84163473818646,1.2479961136750062,0.20160310905999515
ollama/ollama,Go,154010,13371,532,4647,1.086819037724823,0.7507709880068533,8.734962406015038,0.003454321147977404,289.4924812030075,5.5321428571428575,10.422619047619047
Snailclimb/JavaGuide,Java,152116,46013,685,5889,1.302486260485419,0.9342934293429342,8.597080291970803,0.004503142338741487,222.06715328467152,2.168262150220913,0.40905743740795286
massgravel/Microsoft-Activation-Scripts,Batchfile,152057,14715,8,458,1.0967729206810604,0.9986945169712794,57.25,5.2611849503804495e-05,19007.125,0.2180952380952381,0.3647619047619048
huggingface/transformers,Python,151030,30753,3609,20819,1.2036217969939746,0.892810182506706,5.768633970628983,0.023895914718930013,41.848157384316984,8.193231011412829,7.482487209759937
n8n-io/n8n,TypeScript,148340,47133,501,15898,1.3177362815154374,0.8034980988593156,31.73253493013972,0.0033773762976944855,296.0878243512974,6.897180043383948,2.8524945770065075
airbnb/javascript,JavaScript,147619,26791,556,1985,1.1814874778991864,0.876027397260274,3.570143884892086,0.003766452827888009,265.5017985611511,0.41983925549915396,0.30879864636209814
ytdl-org/youtube-dl,Python,138361,10512,1010,18947,1.0759751664125006,0.8483370613472186,18.75940594059406,0.007299744870303048,136.9910891089109,3.4695110785570407,4.993774034059696
vercel/next.js,JavaScript,134989,29567,3975,31229,1.219032661920601,0.8633148769348907,7.856352201257861,0.0294468438169036,33.95949685534591,9.480570734669096,7.511536126290225
langflow-ai/langflow,Python,132106,7794,307,16729,1.0589980773015608,0.7384661473936489,54.49185667752443,0.002323891420525941,430.3127035830619,17.122824974411465,3.4165813715455475
yangshun/tech-interview-handbook,TypeScript,131098,15898,176,1316,1.1212680590092907,0.578125,7.4772727272727275,0.0013425071320691392,744.875,0.3885444346028934,0.0377915559492176
521xueweihan/HelloGitHub,Python,130816,10793,11,217,1.0825051981409002,0.9269996507160322,19.727272727272727,8.408757338551859e-05,11892.363636363636,0.06291678747463032,0.8300956799072194
yt-dlp/yt-dlp,Python,130557,10474,1666,23516,1.080225495377498,0.7995265151515152,14.115246098439377,0.012760709881507694,78.3655462184874,12.9707666850524,5.824600110314396
golang/go,Go,130279,18369,2809,64098,1.1409973978922159,0.8610466465537248,22.8187967248131,0.021561418187121484,46.37913848344606,15.737294377608642,16.927080775840903
Genymobile/scrcpy,C,129657,12143,157,2871,1.0936547968871715,0.5545580110497238,18.286624203821656,0.0012108871869625241,825.8407643312102,0.9958376690946931,2.009018383628165
labuladong/fucking-algorithm,Markdown,129542,23445,100,516,1.1809837736023838,0.9989189189189189,5.16,0.0007719504099056677,1295.42,0.2501211827435773,0.448376151236064
TheAlgorithms/Python,Python,210684,48655,1298,3602,1.2309382772303545,0.7018833256775379,2.7750385208012327,0.006160885496762925,162.31432973805855,1.0669431279620853,0.644845971563981
ossu/computer-science,HTML,195339,24352,169,1086,1.1246653254086485,0.9756468797564688,6.42603550295858,0.0008651626147364326,1155.8520710059172,0.2598086124401914,0.15717703349282297
tensorflow/tensorflow,C++,192015,74915,4946,185785,1.390151811056428,0.9533660255189488,37.562676910634856,0.025758404291331406,38.82228063081278,51.20865490628445,11.578831312017641
getify/You-Dont-Know-JS,,183522,33660,212,1906,1.1834112531467618,0.9968354430379747,8.99056603773585,0.0011551748564204837,865.6698113207547,0.4382616693492757,0.21798114509082547
ohmyzsh/ohmyzsh,Shell,182020,26251,2761,7612,1.1442204153389737,0.9033221351250467,2.756972111553785,0.015168662784309417,65.92538935168417,1.2923599320882853,0.9096774193548387
Significant-Gravitas/AutoGPT,Python,178993,46029,795,7366,1.257155307749465,0.9270398217766639,9.265408805031447,0.004441514472633008,225.14842767295596,7.8195329087048835,3.8121019108280256
microsoft/vscode,TypeScript,177512,35500,2828,139037,1.199986479787282,0.9334057797159537,49.16442715700141,0.015931317319392492,62.76944837340877,37.64879501760087,57.56051990251828
twbs/bootstrap,MDX,173542,79161,1648,23142,1.4561489437715365,0.975068648389487,14.04247572815534,0.009496260271288795,105.30461165048544,4.458959537572254,4.420616570327553
flutter/flutter,Dart,173327,29348,2175,86352,1.1693215713651075,0.8879114101994359,39.70206896551724,0.012548535427255996,79.69057471264368,22.295894655305965,28.469145365349856
facebook/react,JavaScript,239746,49583,1948,21048,1.2068147122371176,0.9280936454849499,10.804928131416839,0.008125265906417625,123.0728952772074,4.651491712707182,3.1717127071823206
kamranahmedse/developer-roadmap,TypeScript,340300,43088,1444,7092,1.1266176902732883,0.9381139489194499,4.911357340720222,0.004243314722303849,235.66481994459835,2.262922782386726,0.9744735162731334
jwasham/coding-interview-university,,331054,80891,355,2511,1.2443438230620987,0.8404452690166976,7.073239436619718,0.0010723326103898457,932.5464788732394,0.7350702576112412,0.15778688524590165
donnemartin/system-design-primer,Python,322735,52647,124,333,1.1631276434226223,0.1503267973856209,2.685483870967742,0.0003842161525709948,2602.701612903226,0.10568073627419866,0.19422405585528404
EbookFoundation/free-programming-books,Python,372397,64748,3376,9761,1.173868210538753,0.9167309175019275,2.891291469194313,0.009065593976320969,110.3071682464455,2.22599771949829,0.2957810718358039
public-apis/public-apis,Python,369051,38851,1379,4536,1.105272712985468,0.5542258788332087,3.2893401015228427,0.0037366109291127785,267.62218999274836,1.2985971943887775,0.38276553106212424
codecrafters-io/build-your-own-x,Markdown,426232,39988,130,583,1.0938174515287449,0.5806763285024155,4.484615384615385,0.000304998216933501,3278.7076923076925,0.21481208548268238,0.3813559322033898
sindresorhus/awesome,,406663,31873,659,1175,1.0783769361854902,0.8357843137254902,1.7830045523520486,0.0016205064144020971,617.0910470409711,0.28574902723735407,0.09922178988326848
